activityId,intermediateOutcomeId,activityText,outputPhrase,reviewStatus
ACT_7982B2F2EE,PW_001_IO_01,Develop linkages/networks for smallholders to access markets,developed for smallholders to access markets,REVIEW
ACT_87742F4135,PW_001_IO_01,Support group purchase of inputs and marketing of end products to leverage bargaining power & build economies of scale,supported through group purchase of inputs and marketing of end products to leverage bargaining power & build economies of scale,REVIEW
ACT_67BCA99DBC,PW_001_IO_01,Adopt assessment training and coaching methodology as a best practice (Agribusiness Leadership Program),adopting assessment training and coaching methodology as a best practice (Agribusiness Leadership Program),USER_REVIEWED
ACT_5B0E92A0CB,PW_001_IO_01,Facilitate contract farming and out-grower schemes,supported through contract farming and out-grower schemes,REVIEW
ACT_1D03E7919A,PW_001_IO_01,Support digital/ICT platforms for market price transparency,supported through digital/ICT platforms for market price transparency,REVIEW
ACT_70EB4E2999,PW_001_IO_02,"Build capacities of smallholders on market-driven agricultural enterprise through training, exposure visits, market surveys and analysis","gained increased capacities on market-driven agricultural enterprise through training, exposure visits, market surveys and analysis",REVIEW
ACT_F037480603,PW_001_IO_02,Collaboration with organizations providing market information through ICT,supported through collaboration with organizations providing market information through ICT,REVIEW
ACT_7BE310A3C3,PW_001_IO_02,"Support certification and quality standards (organic, Fairtrade, GAP)","supported through certification and quality standards (organic, Fairtrade, GAP)",REVIEW
ACT_73626D8923,PW_001_IO_02,"Facilitate infrastructure development (collection centers, cold storage)","supported through infrastructure development (collection centers, cold storage)",REVIEW
ACT_DA0985B91B,PW_001_IO_03,"Provide technical support to SHGs/cooperatives/CLAs on management, governance, business strategy and development, financial management, and product development","provided technical support to SHGs/cooperatives/CLAs on management, governance, business strategy and development, financial management, and product development",REVIEW
ACT_9F57E8D41C,PW_001_IO_03,Promote women/youth leadership roles in producer organizations,reached through promotion of women/youth leadership roles in producer organizations,REVIEW
ACT_E8585D5E89,PW_001_IO_04,Provide tailored business development services (BDS) for market linkages,provided  tailored business development services (BDS) for market linkages,REVIEW
ACT_28ABFAFFCC,PW_001_IO_04,Facilitate participation in trade fairs/exhibitions,supported through participation in trade fairs/exhibitions,REVIEW
ACT_24F60C63FE,PW_001_IO_04,"Support branding, packaging, and marketing innovations","supported through branding, packaging, and marketing innovations",REVIEW
ACT_EB7E7AC96A,PW_002_IO_01,Training on business registration,trained in business registration,REVIEW
ACT_1A09C15F2F,PW_002_IO_01,Establish business clinics/one-stop-shops for registration and licensing,established for business clinics/one-stop-shops for registration and licensing,REVIEW
ACT_E11DF971BA,PW_002_IO_02,Map the business operating environment,supported through map the business operating environment,REVIEW
ACT_8B3371563F,PW_002_IO_02,Facilitate partnerships between local BDS providers and cooperatives/MSMEs,supported through partnerships between local BDS providers and cooperatives/MSMEs,REVIEW
ACT_13904102DB,PW_002_IO_02,Provide capacity building for BDS providers to ensure quality and reach,provided through capacity building for BDS providers to ensure quality and reach,REVIEW
ACT_2EAEE6CB0D,PW_002_IO_03,Creation of structured public-private sector dialogue platforms,supported through creation of structured public-private sector dialogue platforms,REVIEW
ACT_2CBF44A8FD,PW_002_IO_03,Support participatory local economic planning processes,supported through participatory local economic planning processes,REVIEW
ACT_033022CD3A,PW_002_IO_03,"Facilitate investment in local infrastructure (market centers, energy, ICT)","supported through investment in local infrastructure (market centers, energy, ICT)",REVIEW
ACT_6CF8C8607F,PW_002_IO_04,Work on the revision of regulatory standards,supported through work on the revision of regulatory standards,REVIEW
ACT_78921BF8A3,PW_002_IO_04,Facilitate Memorandums of Understanding (MoUs) between local actors,supported through memorandums of Understanding (MoUs) between local actors,REVIEW
ACT_FD5DE0D81F,PW_002_IO_04,Promote accountability mechanisms in stakeholder platforms,reached through promotion of accountability mechanisms in stakeholder platforms,REVIEW
ACT_D1DE5AE724,PW_003_IO_01,Train smallholders on resource mobilization using VSLA/SILC,trained in smallholders on resource mobilization using VSLA/SILC,REVIEW
ACT_9AC8A057A6,PW_003_IO_01,Partnership agreements/MOUs with financial service providers,supported through partnership agreements/MOUs with financial service providers,REVIEW
ACT_3F9047C6AF,PW_003_IO_01,Organize smallholders into effective self-help groups that enhance banks’ ability to provide financing for working capital and equipment,organised through smallholders into effective self-help groups that enhance banks’ ability to provide financing for working capital and equipment,REVIEW
ACT_3703646942,PW_003_IO_01,Formation of savings and loan groups,established for savings and loan groups,REVIEW
ACT_05054323A7,PW_003_IO_01,Provision of record books/passbooks,supported through provision of record books/passbooks,REVIEW
ACT_ED123B0850,PW_003_IO_01,"Provision of savings equipment (boxes, phones)","supported through provision of savings equipment (boxes, phones)",REVIEW
ACT_C7F0276D22,PW_003_IO_01,Link SHGs and associations to microfinance facilities,linked through sHGs and associations to microfinance facilities,REVIEW
ACT_AF4F51EC69,PW_003_IO_01,Facilitate mobile/digital financial services adoption,supported through mobile/digital financial services adoption,REVIEW
ACT_09413EE393,PW_003_IO_01,"Promote tailored financial products (e.g. seasonal credit, weather-indexed insurance, women/youth-friendly loans)","reached through promotion of tailored financial products (e.g. seasonal credit, weather-indexed insurance, women/youth-friendly loans)",REVIEW
ACT_6AB62AFE86,PW_003_IO_01,Build partnerships with fintech/agrifinance providers,provided through partnerships with fintech/agrifinance providers,REVIEW
ACT_571F006D84,PW_003_IO_02,Promote savings groups as an entry level,reached through promotion of savings groups as an entry level,REVIEW
ACT_45FDF64EEF,PW_003_IO_02,Train smallholders on financial literacy,trained in smallholders on financial literacy,REVIEW
ACT_0A5F41468A,PW_003_IO_02,Support the development and access to market information (promoted through ICT),supported through the development and access to market information (promoted through ICT),REVIEW
ACT_9E6A825B7D,PW_003_IO_02,Develop linkages/networks for smallholders to access niche markets,developed through linkages/networks for smallholders to access niche markets,REVIEW
ACT_238787D6E0,PW_003_IO_02,Establish guarantee funds or risk-sharing schemes with financial institutions,established for guarantee funds or risk-sharing schemes with financial institutions,REVIEW
ACT_3E6A795CD5,PW_003_IO_02,Facilitate collective borrowing models through cooperatives,supported through collective borrowing models through cooperatives,REVIEW
ACT_A9E307A9AA,PW_003_IO_02,Provide training for agri-enterprises on preparing bankable business plans,provided through training for agri-enterprises on preparing bankable business plans,REVIEW
ACT_429C4A4A86,PW_003_IO_03,Conduct financial literacy and household budgeting training,reached through financial literacy and household budgeting training,REVIEW
ACT_1FA7F04169,PW_003_IO_03,establish or strengthen savings and loan groups,established for or strengthen savings and loan groups,REVIEW
ACT_1F0DC236E6,PW_003_IO_03,link households to safe savings products,linked through households to safe savings products,REVIEW
ACT_3B9BA3C078,PW_003_IO_03,support asset-based savings options.,supported through asset-based savings options,REVIEW
ACT_12527DAD84,PW_003_IO_04,Provide coaching on productive investment,provided through coaching on productive investment,REVIEW
ACT_0D6C0B9CF4,PW_003_IO_04,link savings groups to financial service providers,linked through savings groups to financial service providers,REVIEW
ACT_E610C2A25B,PW_003_IO_04,support household financial planning and risk-management discussions.,supported through household financial planning and risk-management discussions,REVIEW
ACT_786EFFA53B,PW_004_IO_01,Conduct household budgeting and savings behaviour training,reached through household budgeting and savings behaviour training,REVIEW
ACT_0983137C0B,PW_004_IO_01,establish savings goals,established for savings goals,REVIEW
ACT_EFCF89D028,PW_004_IO_01,provide mentoring through groups.,provided through mentoring through groups,REVIEW
ACT_6CECA37100,PW_004_IO_02,Establish and strengthen savings and loan groups,established for and strengthen savings and loan groups,REVIEW
ACT_A8F8D512A6,PW_004_IO_02,link groups to financial service providers,linked through groups to financial service providers,REVIEW
ACT_91ABF67210,PW_004_IO_02,promote mobile money where feasible.,reached through promotion of mobile money where feasible,REVIEW
ACT_F703CA8ECE,PW_004_IO_03,"Promote household savings plans, emergency funds, and asset-based savings","reached through promotion of household savings plans, emergency funds, and asset-based savings",REVIEW
ACT_A492D5594E,PW_004_IO_03,provide financial coaching and peer accountability.,provided through financial coaching and peer accountability,REVIEW
ACT_72C70B4F6C,PW_004_IO_04,Support investment planning,supported through investment planning,REVIEW
ACT_65C37EDDD4,PW_004_IO_04,link savings to enterprise/agricultural investment,linked through savings to enterprise/agricultural investment,REVIEW
ACT_A4D38AF72A,PW_004_IO_04,promote emergency savings and risk-management planning.,reached through promotion of emergency savings and risk-management planning,REVIEW
ACT_FB50699293,PW_005_IO_01,Training on record-keeping and basic business management,trained in record-keeping and basic business management,REVIEW
ACT_15F3E1B980,PW_005_IO_01,Facilitate farmer groups / cooperatives for collective marketing,supported through farmer groups / cooperatives for collective marketing,REVIEW
ACT_EC3C59D545,PW_005_IO_01,"Link producers to traders, processors, and input suppliers","linked through producers to traders, processors, and input suppliers",REVIEW
ACT_6DC651764F,PW_005_IO_01,Support access to microfinance for small-scale livestock keepers,supported through access to microfinance for small-scale livestock keepers,REVIEW
ACT_14ED8A7912,PW_005_IO_01,"Develop value addition (milk chilling, cheese, egg grading, hides/leather processing)","developed through value addition (milk chilling, cheese, egg grading, hides/leather processing)",REVIEW
ACT_E857B50B39,PW_005_IO_01,"Explore certification/branding schemes (organic/free-range, quality assurance labels)","supported through explore certification/branding schemes (organic/free-range, quality assurance labels)",REVIEW
ACT_C7590F7127,PW_005_IO_02,"Promote improved livestock husbandry, feeding, breeding, and animal-health practices","reached through promotion of improved livestock husbandry, feeding, breeding, and animal-health practices",REVIEW
ACT_6AD3A607BD,PW_005_IO_02,support producer aggregation and links with livestock buyers and processors.,supported through producer aggregation and links with livestock buyers and processors,REVIEW
ACT_743C05925A,PW_006_IO_01,Train households on Pass on the Gift values,trained in households on Pass on the Gift values,REVIEW
ACT_61DD05E8E6,PW_006_IO_01,Train households on Pass on the Gift criteria,trained in households on Pass on the Gift criteria,REVIEW
ACT_13AF75A531,PW_006_IO_01,Train households on Pass on the Gift safeguarding,trained in households on Pass on the Gift safeguarding,REVIEW
ACT_13ED3C4860,PW_006_IO_01,Train households on Pass on the Gift transparency,trained in households on Pass on the Gift transparency,REVIEW
ACT_1C838FC38C,PW_006_IO_01,Train households on Pass on the Gift community accountability,trained in households on Pass on the Gift community accountability,REVIEW
ACT_825E9736F8,PW_006_IO_02,Facilitate transparent beneficiary selection,supported through transparent beneficiary selection,REVIEW
ACT_C98951B36D,PW_006_IO_02,Facilitate transfer ceremonies,supported through transfer ceremonies,REVIEW
ACT_DA71A3E6CA,PW_006_IO_02,Facilitate follow-up support,supported through follow-up support,REVIEW
ACT_F646BE4643,PW_006_IO_02,Facilitate technical support to recipients,supported through technical support to recipients,REVIEW
ACT_2AE319A7E0,PW_006_IO_03,Provide recipient follow-up,provided through recipient follow-up,REVIEW
ACT_5A47DE6561,PW_006_IO_03,Provide technical coaching,provided through technical coaching,REVIEW
ACT_671FC292E8,PW_006_IO_03,Provide peer learning,provided through peer learning,REVIEW
ACT_8D651A61A2,PW_006_IO_03,Provide animal-health or enterprise support,provided through animal-health or enterprise support,REVIEW
ACT_00E8E8A1D1,PW_006_IO_03,Provide linkage to groups/services,provided through linkage to groups/services,REVIEW
ACT_8BDCC217FB,PW_006_IO_04,Support monitoring of pass-on cycles,supported through monitoring of pass-on cycles,REVIEW
ACT_A2C555929B,PW_006_IO_04,Support community accountability,supported through community accountability,REVIEW
ACT_FF05930E2F,PW_006_IO_04,Support recipient mentoring,supported through recipient mentoring,REVIEW
ACT_0F342820C2,PW_006_IO_04,Support evidence capture of replication,supported through evidence capture of replication,REVIEW
ACT_8CEF7D2EDE,PW_007_IO_01,Vocational skill training,supported through vocational skill training,REVIEW
ACT_4267557863,PW_007_IO_01,Training on generation of business ideas,trained in generation of business ideas,REVIEW
ACT_FB6C451B2E,PW_007_IO_01,Training on business budgeting & financing,trained in business budgeting & financing,REVIEW
ACT_3D6EC92E09,PW_007_IO_01,Training on marketing in business,trained in marketing in business,REVIEW
ACT_D65D156388,PW_007_IO_01,Training on business records,trained in business records,REVIEW
ACT_005395B01E,PW_007_IO_01,Training on business planning,trained in business planning,REVIEW
ACT_7369424DA2,PW_007_IO_01,"Provision of starter kits (seeds, tools, fertilizer, irrigation equipment, etc.)",,AMBIGUOUS
ACT_87C12EF6A3,PW_007_IO_01,Facilitate access to microcredit / savings groups,"Target youth, women, and PWDs in training, access to financial services, and agri-enterprise management",REVIEW
ACT_FA73B6EBB0,PW_007_IO_01,Link households to value chains and buyers,Partnerships with private/public institutions for apprenticeship programs for youth,REVIEW
ACT_515E3C25ED,PW_007_IO_01,Digital literacy training for e-commerce and mobile banking,"Adopt assessment, training, and coaching methodology as a best practice (ALP)",REVIEW
ACT_7413C32C8B,PW_007_IO_02,Support livelihood diversification across farm and off-farm activities,"Training on: business ideas, budgeting & financing, marketing, records, planning",REVIEW
ACT_0530520E31,PW_007_IO_02,"provide vocational, entrepreneurship, and business-skills support","Access to shared resources/facilities (office space, equipment, admin support)",REVIEW
ACT_01877C8415,PW_007_IO_02,promote seasonal income planning.,"Technical support to cooperatives on management, governance, business strategy, financial management, product development",REVIEW
ACT_FC203C9C10,PW_007_IO_03,Promote household budgeting and financial planning,Undertake value chain analysis to determine potential products and value addition processes smallholders can easily engage in,REVIEW
ACT_2B944E2338,PW_007_IO_03,link income-generating activities to food-security planning,(no original activity listed),REVIEW
ACT_93DF3AEF32,PW_007_IO_03,strengthen savings groups and income diversification.,(as linked above),REVIEW
ACT_8060C49CFD,PW_008_IO_01,"Promote improved seeds, climate-smart and organic practices",(no original activity listed),REVIEW
ACT_1A7DCD304A,PW_008_IO_01,"provide farmer training, demonstration plots, and crop production planning support.",(no original activity listed),REVIEW
ACT_614CF946A4,PW_008_IO_02,Support productivity improvements,Evaluate SHG & establish CLA; Govt awareness on CLA role; Follow local legislation to register; Sensitization on stakeholders for safety,REVIEW
ACT_91C733711C,PW_008_IO_02,Support crop diversification,Use household dialogue to improve women’s control over income,REVIEW
ACT_CF113385A6,PW_008_IO_02,Support post-harvest management,Use savings groups to improve women’s control over income,REVIEW
ACT_FF116CD3EC,PW_008_IO_02,Support aggregation,Use enterprise support to improve women’s control over income,REVIEW
ACT_54CD40AD78,PW_008_IO_02,Support quality management,Use gender-transformative approaches to improve women’s control over income,REVIEW
ACT_E6E8A31C8C,PW_008_IO_03,Link producers to buyers,Farmer Field Schools & Demonstration Plots on species diversity,REVIEW
ACT_AD43D8DA1E,PW_008_IO_03,support aggregation and collective marketing,"Practice Mulching: Use crop residues or grass to cover soil, reduce erosion, and retain moisture.",REVIEW
ACT_A1396C6CDD,PW_008_IO_03,"improve grading, storage, and post-harvest handling.",Intercropping with nitrogen fixing crops such as beans or groundnuts to improve soil structure and fertility.,REVIEW
ACT_482BF285E8,PW_008_IO_04,Support productivity to improve net returns,Use hands-on learning and demos to showcase soil health practices.,REVIEW
ACT_1B93F8C869,PW_008_IO_04,Support surplus production to improve net returns,Use simple scorecards or mobile tools to track progress.,REVIEW
ACT_E248BA9FFB,PW_008_IO_04,Support market linkage to improve net returns,Monitor diet diversity separately for women of reproductive age and children <5,REVIEW
ACT_DC1847F8D8,PW_008_IO_04,Support cost-control to improve net returns,"integrate nutrition education on eggs, milk, meat, and other animal-source foods.",REVIEW
ACT_65133B68AC,PW_009_IO_01,Support livelihood diversification for sustained income growth,"Community workshops on benefits of organic inputs (soil health, productivity, reduced chemical exposure)",REVIEW
ACT_484A934ECE,PW_009_IO_01,Support enterprise development for sustained income growth,"Highlight improvements in soil structure, crop health, and yields over time",REVIEW
ACT_502B1252BD,PW_009_IO_01,Support market linkages for sustained income growth,Track cost savings and income benefits from organic use to reinforce uptake,REVIEW
ACT_BCE590C055,PW_009_IO_01,Support financial planning for sustained income growth,"Integrated Pest Management (biological, cultural, mechanical, and safe chemical methods)",REVIEW
ACT_A6CF05BF35,PW_009_IO_02,Strengthen savings groups,"Identify and train lead farmers, peer educators, CAHWs, agro-dealers, and community extension agents",REVIEW
ACT_AFAF348DEC,PW_009_IO_02,support household budgeting,Early warning systems for drought/disease outbreaks shared with livestock keepers,REVIEW
ACT_E836F11E10,PW_009_IO_02,"promote savings goals for emergencies, productive investment, and lean seasons.","Disseminate localized weather forecasts via SMS, radio, or community meetings.",REVIEW
ACT_CA1B2C36DF,PW_009_IO_03,Support livelihood diversification,"Use drama, songs, posters, and radio to spread messages.",REVIEW
ACT_F8CEC5600F,PW_009_IO_03,Support crop and livestock diversification,"Ensure women, youth, and marginalized groups hold leadership positions in governance structures",REVIEW
ACT_5F3F9069F4,PW_009_IO_03,Support value addition,supported through value addition,REVIEW
ACT_C5B44D52BF,PW_009_IO_03,Support off-farm enterprise development,supported through off-farm enterprise development,REVIEW
ACT_F50559F1A3,PW_009_IO_03,Support vocational skills,supported through vocational skills,REVIEW
ACT_3D029B70EE,PW_009_IO_04,Support savings,supported through savings,REVIEW
ACT_16E1859901,PW_009_IO_04,Support risk management,supported through risk management,REVIEW
ACT_B7C125D104,PW_009_IO_04,Support income smoothing,supported through income smoothing,REVIEW
ACT_8559D460E7,PW_009_IO_04,Support social support mechanisms,supported through social support mechanisms,REVIEW
ACT_5F542A6561,PW_009_IO_04,Support shock-response planning,supported through shock-response planning,REVIEW
ACT_42E63F80CC,PW_010_IO_01,"Target youth, women, and PWDs in training, access to financial services, and agri-enterprise management","trainined in gaining access to financial services, and agri-enterprise management",USER_REVIEWED
ACT_84471A9D18,PW_010_IO_01,Encourage inclusion in leadership and management of all supported agri-enterprises,reached through promotion of inclusion in leadership and management of all supported agri-enterprises,REVIEW
ACT_ADAFCC662A,PW_010_IO_01,Partnerships with private/public institutions for apprenticeship programs for youth,with private/public institutions for apprenticeship programs for youth,USER_REVIEWED
ACT_D47A9AF8E0,PW_010_IO_01,"Develop and adopt specific guidelines for gender, PWDs, youth, and refugees","developed through and adopt specific guidelines for gender, PWDs, youth, and refugees",REVIEW
ACT_481570B324,PW_010_IO_01,Establish mentorship programs pairing marginalised entrepreneurs with experienced business leaders,established for mentorship programs pairing marginalised entrepreneurs with experienced business leaders,REVIEW
ACT_94F61DA7EA,PW_010_IO_01,Facilitate affirmative procurement or preferential contracting for inclusive enterprises,supported through affirmative procurement or preferential contracting for inclusive enterprises,REVIEW
ACT_F53D6CAD2B,PW_010_IO_01,Support accessible technologies and infrastructure for PWD-led enterprises,supported through accessible technologies and infrastructure for PWD-led enterprises,REVIEW
ACT_8BCB5B5D9F,PW_011_IO_01,"Adopt assessment, training, and coaching methodology as a best practice (ALP)","adopting assessment, training, and coaching methodology as a best practice (ALP)",USER_REVIEWED
ACT_FE4C162857,PW_011_IO_01,"Networking with investors, partners, other entrepreneurs","supported through networking with investors, partners, other entrepreneurs",REVIEW
ACT_2E424B555D,PW_011_IO_01,"Financial support via grants, loans, or investment opportunities","supported through financial support via grants, loans, or investment opportunities",REVIEW
ACT_BB49D477C3,PW_011_IO_01,"Training on: business ideas, budgeting & financing, marketing, records, planning","trained on: business ideas, budgeting & financing, marketing, records, planning",USER_REVIEWED
ACT_3A84FF4560,PW_011_IO_01,"Access to shared resources/facilities (office space, equipment, admin support)","given access to shared resources/facilities (office space, equipment, admin support)",USER_REVIEWED
ACT_71D45928F0,PW_011_IO_01,Mentorship guidance from experienced entrepreneurs,supported through mentorship guidance from experienced entrepreneurs,REVIEW
ACT_636B32EBD4,PW_011_IO_01,Develop digital platforms for market linkages & business services,developed through digital platforms for market linkages & business services,REVIEW
ACT_7B526F9081,PW_011_IO_01,Establish peer-to-peer learning groups / business clubs,established for peer-to-peer learning groups / business clubs,REVIEW
ACT_C56B3BA361,PW_011_IO_01,Encourage incubation of youth-led enterprises,reached through promotion of incubation of youth-led enterprises,REVIEW
ACT_0B1C2FB1FD,PW_011_IO_02,Business diagnostics,supported through business diagnostics,REVIEW
ACT_88A9420A1D,PW_011_IO_02,Business registration/formalization,supported through business registration/formalization,REVIEW
ACT_5A831A7F7B,PW_011_IO_02,"Technical support to cooperatives on management, governance, business strategy, financial management, product development","receive technical support on management, governance, business strategy, financial management, product development",USER_REVIEWED
ACT_D11985A474,PW_011_IO_02,Exchange visits for knowledge/experience sharing,supported through exchange visits for knowledge/experience sharing,REVIEW
ACT_4931AC9FBD,PW_011_IO_02,Promote financial and insurance models to support smallholders & agri-enterprises,reached through promotion of financial and insurance models to support smallholders & agri-enterprises,REVIEW
ACT_A00174B591,PW_011_IO_02,Facilitate compliance with legal/regulatory frameworks,supported through compliance with legal/regulatory frameworks,REVIEW
ACT_0C1C3480F1,PW_011_IO_02,"Introduce ICT-based management tools (e.g. digital recordkeeping, cooperative MIS)","reached through introduction of iCT-based management tools (e.g. digital recordkeeping, cooperative MIS)",REVIEW
ACT_91DEF27B29,PW_011_IO_02,Support gender-inclusive leadership within cooperatives/enterprises,supported through gender-inclusive leadership within cooperatives/enterprises,REVIEW
ACT_2FFFADA448,PW_012_IO_01,Undertake value chain analysis to determine potential products and value addition processes smallholders can easily engage in,Undertake value chain analysis to determine potential products and value addition processes smallholders can easily engage in,USER_REVIEWED
ACT_7B79060799,PW_012_IO_01,Build the capacity of smallholder farmers to carry out value addition,provided through the capacity of smallholder farmers to carry out value addition,REVIEW
ACT_A3B7C95EAE,PW_012_IO_01,Establish agroprocessing and pilot demonstration units,established for agroprocessing and pilot demonstration units,REVIEW
ACT_51A5DC5AFB,PW_012_IO_01,Develop and upscale appropriate technologies for value addition,developed through and upscale appropriate technologies for value addition,REVIEW
ACT_6B703ECEAB,PW_012_IO_01,"Provide supporting services, incentives and infrastructure for value addition","provided through supporting services, incentives and infrastructure for value addition",REVIEW
ACT_1E65835CDF,PW_012_IO_01,"Provide local processing, storage and packaging solutions","provided through local processing, storage and packaging solutions",REVIEW
ACT_8FE92467CC,PW_012_IO_01,"Facilitate quality assurance, standards, and certification for value-added products (organic, Fairtrade, GAP)","supported through quality assurance, standards, and certification for value-added products (organic, Fairtrade, GAP)",REVIEW
ACT_AF0D31F205,PW_012_IO_01,Support market linkages specifically for value-added products,supported through market linkages specifically for value-added products,REVIEW
ACT_C9CBBC2AE4,PW_012_IO_01,Promote renewable/clean energy solutions for small-scale processing,reached through promotion of renewable/clean energy solutions for small-scale processing,REVIEW
ACT_FCAA1A9290,PW_013_IO_01,"Provide vocational, technical, and employability training","provided through vocational, technical, and employability training",REVIEW
ACT_02721645F0,PW_013_IO_01,link training to local agriculture and value-chain labour demand,linked through training to local agriculture and value-chain labour demand,REVIEW
ACT_151C0F96A6,PW_013_IO_01,support CV/interview/business-readiness skills.,supported through cV/interview/business-readiness skills,REVIEW
ACT_2EF3AA20C8,PW_013_IO_02,Facilitate apprenticeships and placements with agribusinesses,supported through apprenticeships and placements with agribusinesses,REVIEW
ACT_E3B68A75C4,PW_013_IO_02,"link participants to employers, producer enterprises, processors, and service providers","linked through participants to employers, producer enterprises, processors, and service providers",REVIEW
ACT_0519744D05,PW_013_IO_02,support start-up kits where appropriate.,supported through start-up kits where appropriate,REVIEW
ACT_F00BDA91ED,PW_013_IO_03,Provide follow-up mentoring,provided through follow-up mentoring,REVIEW
ACT_8E00188F45,PW_013_IO_03,engage employers on decent work conditions,engaged through employers on decent work conditions,REVIEW
ACT_5C59699981,PW_013_IO_03,"support worker retention, fair pay, safe working conditions, and access to services.","supported through worker retention, fair pay, safe working conditions, and access to services",REVIEW
ACT_58BA8A50FA,PW_014_IO_01,(no original activity listed),,AMBIGUOUS
ACT_6E8FA0CF93,PW_014_IO_01,Staff training on disability budgeting/tracking,supported through staff training on disability budgeting/tracking,REVIEW
ACT_876FCB89FA,PW_014_IO_01,accountability mechanisms,supported through accountability mechanisms,REVIEW
ACT_CCFD90A58C,PW_014_IO_01,DPO involvement,supported through dPO involvement,REVIEW
ACT_0445C4540F,PW_014_IO_02,Linkage with disability focused organization,supported through linkage with disability focused organization,REVIEW
ACT_B173889369,PW_014_IO_02,Radio/theatre with PWD role models,supported through radio/theatre with PWD role models,REVIEW
ACT_AAFCE4182C,PW_014_IO_02,leader engagement,supported through leader engagement,REVIEW
ACT_BD284C9006,PW_014_IO_03,Training on disability programming,trained in disability programming,REVIEW
ACT_D48AEC6558,PW_014_IO_03,Peer support,supported through peer support,REVIEW
ACT_AFCEEE397C,PW_014_IO_03,accessibility audits of FFS/demo plots,supported through accessibility audits of FFS/demo plots,REVIEW
ACT_4E91CBA2F4,PW_014_IO_04,ACAP training on social inclusion and disability programming,supported through aCAP training on social inclusion and disability programming,REVIEW
ACT_40F5613F83,PW_014_IO_04,Assistive/adaptive tech,supported through assistive/adaptive tech,REVIEW
ACT_895EFE8F0A,PW_014_IO_04,linkages to inclusive suppliers/extension,supported through linkages to inclusive suppliers/extension,REVIEW
ACT_EAF4AC2BF3,PW_015_IO_01,(as linked above),,AMBIGUOUS
ACT_70A1F5A85C,PW_015_IO_01,Promote women’s participation in governance/civic platforms,reached through promotion of women’s participation in governance/civic platforms,REVIEW
ACT_96AB21CDC1,PW_015_IO_01,community-managed childcare,supported through community-managed childcare,REVIEW
ACT_BE54D4A1B9,PW_016_IO_01,(no original activity listed),,AMBIGUOUS
ACT_BBAC7B122A,PW_016_IO_01,Work with land registries on joint titling,engaged through land registries on joint titling,REVIEW
ACT_C1886C1BFB,PW_016_IO_01,household dialogues on asset decisions,supported through household dialogues on asset decisions,REVIEW
ACT_157A875AB9,PW_016_IO_01,incentives for joint accounts,supported through incentives for joint accounts,REVIEW
ACT_D6C72EC63D,PW_016_IO_01,asset-mapping/certificate campaigns,supported through asset-mapping/certificate campaigns,REVIEW
ACT_77A9F72C7A,PW_016_IO_02,Leadership training,supported through leadership training,REVIEW
ACT_08DF3D20BD,PW_016_IO_02,Male-engagement programs,supported through male-engagement programs,REVIEW
ACT_D1405C3FB1,PW_016_IO_02,community theatre/radio role models,supported through community theatre/radio role models,REVIEW
ACT_7883B35908,PW_016_IO_02,safe spaces for girls/women,supported through safe spaces for girls/women,REVIEW
ACT_4DA42C9517,PW_016_IO_02,gender-norm scorecards,supported through gender-norm scorecards,REVIEW
ACT_553B81CB40,PW_016_IO_03,Promote legal rights awareness,reached through promotion of legal rights awareness,REVIEW
ACT_0EC3905A36,PW_016_IO_03,Promote household dialogue on joint ownership,reached through promotion of household dialogue on joint ownership,REVIEW
ACT_85F861DADF,PW_016_IO_03,Promote community engagement with customary leaders,reached through promotion of community engagement with customary leaders,REVIEW
ACT_1BA09F24B3,PW_016_IO_03,Promote documentation of joint asset ownership where possible,reached through promotion of documentation of joint asset ownership where possible,REVIEW
ACT_E3CA6F9A6D,PW_016_IO_04,Support women’s participation in savings groups,supported through women’s participation in savings groups,REVIEW
ACT_E1E237397F,PW_016_IO_04,link women to mobile money/banking services,linked through women to mobile money/banking services,REVIEW
ACT_9EA253AC82,PW_016_IO_04,promote household dialogue on financial decision-making.,reached through promotion of household dialogue on financial decision-making,REVIEW
ACT_974E59C5BB,PW_017_IO_01,Envisioning training,supported through envisioning training,REVIEW
ACT_C4A0511F69,PW_017_IO_01,Health insurance enrollment,supported through health insurance enrollment,REVIEW
ACT_5B61CECB17,PW_017_IO_01,financial inclusion linkages,supported through financial inclusion linkages,REVIEW
ACT_F5AD4819D6,PW_017_IO_01,school/health partnerships,supported through school/health partnerships,REVIEW
ACT_F8E1092C79,PW_017_IO_01,scholarships/bursaries,supported through scholarships/bursaries,REVIEW
ACT_4C78553C16,PW_017_IO_02,(no original activity listed),,AMBIGUOUS
ACT_10B013E10E,PW_017_IO_02,Establish community childcare,established for community childcare,REVIEW
ACT_1FADA0CD70,PW_017_IO_02,advocate for local budget lines,supported through advocate for local budget lines,REVIEW
ACT_02A2F53523,PW_017_IO_02,train/accredit providers,supported through train/accredit providers,REVIEW
ACT_17FC70179A,PW_017_IO_02,provide childcare during trainings/market days,provided through childcare during trainings/market days,REVIEW
ACT_3C84273CD7,PW_018_IO_01,"IPV, GBV and HTP training; Community safeguarding approach","supported through iPV, GBV and HTP training; Community safeguarding approach",REVIEW
ACT_3737BAFC2E,PW_018_IO_01,Awareness for men & women on referral pathways,supported through awareness for men & women on referral pathways,REVIEW
ACT_EBF01BB775,PW_018_IO_01,school campaigns,supported through school campaigns,REVIEW
ACT_C46F24C046,PW_018_IO_02,Establish community safeguarding mechanisms,established for community safeguarding mechanisms,REVIEW
ACT_EAF3A54A7C,PW_018_IO_02,Disseminate reporting options (SMS/radio/posters),supported through disseminate reporting options (SMS/radio/posters),REVIEW
ACT_0E33A4DE91,PW_018_IO_02,train safeguarding focal points,trained in safeguarding focal points,REVIEW
ACT_6A62BA5491,PW_018_IO_03,Stakeholder mapping exercises,supported through stakeholder mapping exercises,REVIEW
ACT_5A061E0F59,PW_018_IO_03,MOUs with police/health/legal aid,supported through mOUs with police/health/legal aid,REVIEW
ACT_66F0029566,PW_018_IO_03,committee reviews & public accountability sessions,supported through committee reviews & public accountability sessions,REVIEW
ACT_AF5A6CC349,PW_018_IO_04,Strengthen community referral pathways,strengthened through community referral pathways,REVIEW
ACT_43F048D6BD,PW_018_IO_04,train community structures on survivor-centred response,trained in community structures on survivor-centred response,REVIEW
ACT_F003E0E078,PW_018_IO_04,communicate safe reporting channels,supported through communicate safe reporting channels,REVIEW
ACT_2A586FCE8D,PW_018_IO_04,engage local service providers.,engaged through local service providers,REVIEW
ACT_D294AF974F,PW_019_IO_01,Evaluate SHG & establish CLA; Govt awareness on CLA role; Follow local legislation to register; Sensitization on stakeholders for safety,evaluated  and CLAs established; Govt awareness on CLA role; Follow local legislation to register; Sensitization on stakeholders for safety,USER_REVIEWED
ACT_A5045655ED,PW_019_IO_01,Participatory planning/budgeting,supported through participatory planning/budgeting,REVIEW
ACT_CA7424DDC5,PW_019_IO_01,digital tools for plan/monitoring,supported through digital tools for plan/monitoring,REVIEW
ACT_AE216E949E,PW_019_IO_02,Training on CLA/co-ops establishment & management,trained in cLA/co-ops establishment & management,REVIEW
ACT_184CC42DA3,PW_019_IO_02,Quotas/rotation,supported through quotas/rotation,REVIEW
ACT_30EB685ADC,PW_019_IO_02,inclusive leadership campaigns,supported through inclusive leadership campaigns,REVIEW
ACT_62FF760D25,PW_019_IO_03,Stakeholder mapping exercises,supported through stakeholder mapping exercises,REVIEW
ACT_A6806DDAC6,PW_019_IO_03,Community scorecards,supported through community scorecards,REVIEW
ACT_34301B41BA,PW_019_IO_03,social audits,supported through social audits,REVIEW
ACT_8EB939D7B5,PW_019_IO_04,Training on group dynamics; group capacity assessment; legalization of CLAs,trained in group dynamics; group capacity assessment; legalization of CLAs,REVIEW
ACT_647D9C4912,PW_019_IO_04,Linkages to local government,supported through linkages to local government,REVIEW
ACT_ED84BC55C4,PW_019_IO_04,succession plans,supported through succession plans,REVIEW
ACT_03D810F90C,PW_019_IO_05,Build capacity of special interest groups,provided through capacity of special interest groups,REVIEW
ACT_49A6481AB1,PW_019_IO_05,support representation in planning forums,supported through representation in planning forums,REVIEW
ACT_7977EA0F20,PW_019_IO_05,strengthen links with local governance structures.,strengthened through links with local governance structures,REVIEW
ACT_D987B9E083,PW_020_IO_01,Conduct policy awareness sessions,reached through policy awareness sessions,REVIEW
ACT_F57212BB64,PW_020_IO_01,translate policy standards into community guidance,supported through translate policy standards into community guidance,REVIEW
ACT_A79075AC51,PW_020_IO_01,"engage local leaders, service providers, and duty-bearers.","engaged through local leaders, service providers, and duty-bearers",REVIEW
ACT_474A90243F,PW_020_IO_02,Support community action planning,supported through community action planning,REVIEW
ACT_FD5AFD38CC,PW_020_IO_02,Support by-law development,supported through by-law development,REVIEW
ACT_717CC199B4,PW_020_IO_02,Support compliance monitoring,supported through compliance monitoring,REVIEW
ACT_478DCD5E0C,PW_020_IO_02,Support links to local authorities,supported through links to local authorities,REVIEW
ACT_03A47C2EF4,PW_020_IO_03,Build advocacy capacity,provided through advocacy capacity,REVIEW
ACT_0FD17A0C13,PW_020_IO_03,support participation in planning and budgeting processes,supported through participation in planning and budgeting processes,REVIEW
ACT_90814EB79D,PW_020_IO_03,facilitate evidence generation and engagement with decision-makers.,supported through evidence generation and engagement with decision-makers,REVIEW
ACT_08C8041ADE,PW_021_IO_01,Training on childcare establishment and management,trained in childcare establishment and management,REVIEW
ACT_D1D04BC735,PW_021_IO_01,Peer men’s groups on caregiving,supported through peer men’s groups on caregiving,REVIEW
ACT_FC426E81F2,PW_021_IO_01,household incentives/competitions,supported through household incentives/competitions,REVIEW
ACT_F308646CCE,PW_021_IO_02,Facilitate household dialogue on unpaid care,supported through household dialogue on unpaid care,REVIEW
ACT_7176B8F1D0,PW_021_IO_02,engage men and boys,engaged through men and boys,REVIEW
ACT_383B96EC68,PW_021_IO_02,support community childcare and labour-saving approaches where feasible.,supported through community childcare and labour-saving approaches where feasible,REVIEW
ACT_3DDD4E697A,PW_022_IO_01,Exposure visit to role models,supported through exposure visit to role models,REVIEW
ACT_E356A6D5DF,PW_022_IO_01,Exchange visits with women/youth/PWD leaders,supported through exchange visits with women/youth/PWD leaders,REVIEW
ACT_9B9052C70F,PW_022_IO_01,engage traditional leaders,engaged through traditional leaders,REVIEW
ACT_4606267E8C,PW_022_IO_02,Community dialogue on inclusive community,supported through community dialogue on inclusive community,REVIEW
ACT_7F5B66EB33,PW_022_IO_02,Quotas/rotation,supported through quotas/rotation,REVIEW
ACT_0A8B33501D,PW_022_IO_02,capacity-building for new leaders,supported through capacity-building for new leaders,REVIEW
ACT_D7D8166E11,PW_022_IO_03,THM and Natural resources,supported through tHM and Natural resources,REVIEW
ACT_CD266930A8,PW_022_IO_03,Public speaking/advocacy training,supported through public speaking/advocacy training,REVIEW
ACT_58603FDDBD,PW_022_IO_03,town-hall engagement,supported through town-hall engagement,REVIEW
ACT_BFADBEDBD3,PW_022_IO_04,Accessibility audits,supported through accessibility audits,REVIEW
ACT_84ED3BECB9,PW_022_IO_04,mentorship for PWD leaders,supported through mentorship for PWD leaders,REVIEW
ACT_063CEB2A95,PW_022_IO_04,partnerships with DPOs,supported through partnerships with DPOs,REVIEW
ACT_42DCC709E7,PW_022_IO_05,Promote household dialogue,reached through promotion of household dialogue,REVIEW
ACT_7539E7A03A,PW_022_IO_05,"strengthen leadership, confidence, negotiation, and decision-making skills","strengthened through leadership, confidence, negotiation, and decision-making skills",REVIEW
ACT_52CD994629,PW_022_IO_05,engage men and household decision-makers.,engaged through men and household decision-makers,REVIEW
ACT_A4118B239E,PW_022_IO_06,Use household dialogue to improve women’s control over income,trained in using household dialogue to improve women’s control over income,USER_REVIEWED
ACT_950DDFEB1C,PW_022_IO_06,Use savings groups to improve women’s control over income,trained in using savings groups to improve women’s control over income,USER_REVIEWED
ACT_B1A49246AE,PW_022_IO_06,Use enterprise support to improve women’s control over income,trained in enterprise support to improve women’s control over income,USER_REVIEWED
ACT_67B844636E,PW_022_IO_06,Use gender-transformative approaches to improve women’s control over income,trained in gender-transformative approaches to improve women’s control over income,USER_REVIEWED
ACT_CF12CF53FD,PW_023_IO_01,Mindset training; Agri-business training,supported through mindset training; Agri-business training,REVIEW
ACT_B7C991F60E,PW_023_IO_01,Exposure visits,supported through exposure visits,REVIEW
ACT_FB2B1797B1,PW_023_IO_01,role-model media,supported through role-model media,REVIEW
ACT_E278491820,PW_023_IO_02,Mentorship programming; Leadership training,supported through mentorship programming; Leadership training,REVIEW
ACT_72A2B6058A,PW_023_IO_02,Career guidance/coaching,supported through career guidance/coaching,REVIEW
ACT_CE15D6A622,PW_023_IO_02,innovation hubs/incubators,supported through innovation hubs/incubators,REVIEW
ACT_122087F771,PW_023_IO_03,Training on THM and Agriculture; Establish Demo gardens; Training on intersectionality,trained in tHM and Agriculture; Establish Demo gardens; Training on intersectionality,REVIEW
ACT_25FA8F0012,PW_023_IO_03,Digital ag skills,supported through digital ag skills,REVIEW
ACT_39CEA13211,PW_023_IO_03,climate-smart starter kits,supported through climate-smart starter kits,REVIEW
ACT_C8C330378B,PW_023_IO_03,link school clubs to mentors/markets,linked through school clubs to mentors/markets,REVIEW
ACT_36D0588CBB,PW_024_IO_01,Stakeholder mapping/links,supported through stakeholder mapping/links,REVIEW
ACT_173EF7C1DD,PW_024_IO_01,Financial literacy & business plan training,supported through financial literacy & business plan training,REVIEW
ACT_7181778A65,PW_024_IO_02,Youth fairs/pitches,supported through youth fairs/pitches,REVIEW
ACT_53FC349814,PW_024_IO_02,Peer learning/mentoring networks,supported through peer learning/mentoring networks,REVIEW
ACT_535571FC91,PW_024_IO_02,market linkages,supported through market linkages,REVIEW
ACT_465311FD37,PW_025_IO_01,Promote Intercropping & Crop Rotation,reached through promotion of intercropping & Crop Rotation,REVIEW
ACT_700AF48F57,PW_025_IO_01,Introduce Agroforestry Systems,reached through introduction of agroforestry Systems,REVIEW
ACT_ABE094F9F7,PW_025_IO_01,Diversify Livestock Species,supported through diversify Livestock Species,REVIEW
ACT_D52D081043,PW_025_IO_01,Establish Community Seed Banks & Nurseries,established for community Seed Banks & Nurseries,REVIEW
ACT_94F7C24573,PW_025_IO_01,Conduct participatory Biodiversity Mapping & Monitoring,reached through participatory Biodiversity Mapping & Monitoring,REVIEW
ACT_2FC22EF6A1,PW_025_IO_01,Train on Ecosystem Services & Functional Diversity,trained in on Ecosystem Services & Functional Diversity,REVIEW
ACT_CD266FEEDC,PW_025_IO_01,Farmer Field Schools & Demonstration Plots on species diversity,Farmer Field Schools & Demonstration Plots setup to showcase species diversity,USER_REVIEWED
ACT_CC9E685393,PW_025_IO_01,Apply Digital & Visual Tools,supported through apply Digital & Visual Tools,REVIEW
ACT_7DBCFCBA56,PW_025_IO_01,Link Diversity to Market Opportunities i.e niche markets for indigenous crops,linked through diversity to Market Opportunities i.e niche markets for indigenous crops,REVIEW
ACT_6D98948B59,PW_025_IO_02,"Promote Composting: Train farmers to make and apply compost using crop residues, kitchen waste, and animal manure.","reached through promotion of composting: Train farmers to make and apply compost using crop residues, kitchen waste, and animal manure",REVIEW
ACT_F5C8709E73,PW_025_IO_02,Train in Green Manuring: Encourage planting of legumes like sunn hemp or cowpeas and incorporating them into the soil.,trained in in Green Manuring: Encourage planting of legumes like sunn hemp or cowpeas and incorporating them into the soil,REVIEW
ACT_7409318D72,PW_025_IO_02,"Practice Mulching: Use crop residues or grass to cover soil, reduce erosion, and retain moisture.","trained in Mulching: Use of crop residues or grass to cover soil, reducing erosion, and retainng moisture.",USER_REVIEWED
ACT_535F8ED254,PW_025_IO_02,Intercropping with nitrogen fixing crops such as beans or groundnuts to improve soil structure and fertility.,trained in the use of ntercropping with nitrogen fixing crops such as beans or groundnuts to improve soil structure and fertility.,USER_REVIEWED
ACT_A47CA0806C,PW_025_IO_02,"Promote proper collection, storage, and application of animal manure.","reached through promotion of proper collection, storage, and application of animal manure",REVIEW
ACT_E09433DCF7,PW_025_IO_02,Facilitate access to soil testing services for customized recommendations for organic and mineral amendments based on soil needs.,supported through access to soil testing services for customized recommendations for organic and mineral amendments based on soil needs,REVIEW
ACT_4D1B057D4F,PW_025_IO_02,"Introduce nitrogen-fixing trees (e.g., Faidherbia albida, Sesbania) and deep-rooted perennials.","reached through introduction of nitrogen-fixing trees (e.g., Faidherbia albida, Sesbania) and deep-rooted perennials",REVIEW
ACT_5B4605B27A,PW_025_IO_03,"Promote use of biofertilizers (e.g., Rhizobium inoculants for legumes).","reached through promotion of use of biofertilizers (e.g., Rhizobium inoculants for legumes)",REVIEW
ACT_D88000DF0A,PW_025_IO_03,Promote rainwater harvesting and drip irrigation to reduce runoff and leaching.,reached through promotion of rainwater harvesting and drip irrigation to reduce runoff and leaching,REVIEW
ACT_BA4AA502FF,PW_025_IO_03,Encourage contour farming and terracing on slopes to prevent erosion.,reached through promotion of contour farming and terracing on slopes to prevent erosion,REVIEW
ACT_377FC51BE9,PW_025_IO_03,Use hands-on learning and demos to showcase soil health practices.,receive hands-on learning and demonstrations to showcasing soil health practices.,USER_REVIEWED
ACT_F56FEB36A8,PW_025_IO_03,"Train farmers to observe soil indicators (earthworms, root depth, water infiltration).","trained in farmers to observe soil indicators (earthworms, root depth, water infiltration)",REVIEW
ACT_B40BD82425,PW_025_IO_03,Use simple scorecards or mobile tools to track progress.,trained in using simple scorecards or mobile tools to track progress.,USER_REVIEWED
ACT_914D349C13,PW_026_IO_01,Balanced diet training,supported through balanced diet training,REVIEW
ACT_366C80F9A8,PW_026_IO_01,Monthly cooking demos,supported through monthly cooking demos,REVIEW
ACT_4F946D8E28,PW_026_IO_01,Visual nutrition charts,supported through visual nutrition charts,REVIEW
ACT_A09E7C7403,PW_026_IO_01,Door-to-door nutrition messaging,supported through door-to-door nutrition messaging,REVIEW
ACT_73A2ED5F9E,PW_026_IO_01,Community recipe development with local foods,supported through community recipe development with local foods,REVIEW
ACT_3A6F2A90A7,PW_026_IO_02,Promote diverse farm production eg crop–livestock integration,reached through promotion of diverse farm production eg crop–livestock integration,REVIEW
ACT_EB7F85649B,PW_026_IO_02,Coordination with local traders/vendors,supported through coordination with local traders/vendors,REVIEW
ACT_DE1C78FFA6,PW_026_IO_02,VSLA support for food purchasing,supported through vSLA support for food purchasing,REVIEW
ACT_FA806A54F0,PW_026_IO_02,Household kitchen/home gardens,supported through household kitchen/home gardens,REVIEW
ACT_3DF80A7F27,PW_026_IO_02,"Introduce biofortified crops eg sweet potato, beans","reached through introduction of biofortified crops eg sweet potato, beans",REVIEW
ACT_82E78ECF2A,PW_026_IO_02,Train vendors to stock nutrient-rich foods,trained in vendors to stock nutrient-rich foods,REVIEW
ACT_B8A71012AB,PW_026_IO_03,Meal planning & child feeding training,supported through meal planning & child feeding training,REVIEW
ACT_82F3F56BAA,PW_026_IO_03,Weekly radio/TV/digital messaging,supported through weekly radio/TV/digital messaging,REVIEW
ACT_4AED4C0209,PW_026_IO_03,Local nutrition champions,supported through local nutrition champions,REVIEW
ACT_293706A338,PW_026_IO_03,Monitor diet diversity separately for women of reproductive age and children <5,have diet diversity monitored separately for women of reproductive age and children <5,USER_REVIEWED
ACT_3B5979342F,PW_026_IO_04,Promote small livestock and poultry for household nutrition,reached through promotion of small livestock and poultry for household nutrition,REVIEW
ACT_A2F7C447F2,PW_026_IO_04,support improved animal health and feeding,supported through improved animal health and feeding,REVIEW
ACT_73C3B66F97,PW_026_IO_04,"integrate nutrition education on eggs, milk, meat, and other animal-source foods.","trained on integrated nutrition including eggs, milk, meat, and other animal-source foods.",USER_REVIEWED
ACT_FA819E0849,PW_026_IO_05,Promote household dialogue on food and income decisions,reached through promotion of household dialogue on food and income decisions,REVIEW
ACT_A19EA9F96C,PW_026_IO_05,engage men and women in nutrition-sensitive agriculture planning,engaged through men and women in nutrition-sensitive agriculture planning,REVIEW
ACT_68F26716D4,PW_026_IO_05,support women’s access to productive resources.,supported through women’s access to productive resources,REVIEW
ACT_80CFD08C14,PW_027_IO_01,"Community workshops on benefits of organic inputs (soil health, productivity, reduced chemical exposure)","on benefits of organic inputs (soil health, productivity, reduced chemical exposure)",USER_REVIEWED
ACT_3669105B57,PW_027_IO_01,"Radio programs, posters, and influencers in local languages","supported through radio programs, posters, and influencers in local languages",REVIEW
ACT_81BDD520A3,PW_027_IO_01,Side-by-side demo plots comparing organic vs conventional inputs,supported through side-by-side demo plots comparing organic vs conventional inputs,REVIEW
ACT_FD11549298,PW_027_IO_01,"Highlight improvements in soil structure, crop health, and yields over time","receive regular reminders of the improvements in soil structure, crop health, and yields they are seeingover time",USER_REVIEWED
ACT_E33809FE7F,PW_027_IO_01,"Training on production of organic inputs (compost, liquid fertilizers, biopesticides, vermicomposting)","trained in production of organic inputs (compost, liquid fertilizers, biopesticides, vermicomposting)",REVIEW
ACT_FFFB684BC8,PW_027_IO_01,Starter kits for composting,supported through starter kits for composting,REVIEW
ACT_6C509E1156,PW_027_IO_01,Incentives/recognition for early adopters,supported through incentives/recognition for early adopters,REVIEW
ACT_C7E1DB1D04,PW_027_IO_01,Work through farmer groups and cooperatives,supported through work through farmer groups and cooperatives,REVIEW
ACT_5C4A8971C1,PW_027_IO_01,Bulk-produce and distribute organic inputs locally,supported through bulk-produce and distribute organic inputs locally,REVIEW
ACT_EFE734F0A2,PW_027_IO_01,Digital platforms with organic “recipes”,supported through digital platforms with organic “recipes”,REVIEW
ACT_A921FFE48D,PW_027_IO_01,Provide reminders/tips for application timing and methods,provided through reminders/tips for application timing and methods,REVIEW
ACT_70CE1FFF42,PW_027_IO_01,"Link organic input adoption to market incentives (organic certification, premium buyers)","linked through organic input adoption to market incentives (organic certification, premium buyers)",REVIEW
ACT_6829E87997,PW_027_IO_01,Track cost savings and income benefits from organic use to reinforce uptake,track cost savings and income benefits from organic use to reinforce uptake,USER_REVIEWED
ACT_B2BEA68B18,PW_027_IO_02,Strengthen Farmer Field Schools (FFS) & demo plots,strengthened through farmer Field Schools (FFS) & demo plots,REVIEW
ACT_A68DE42666,PW_027_IO_02,"Workshops on soil health, climate-smart agriculture, and IPM","supported through workshops on soil health, climate-smart agriculture, and IPM",REVIEW
ACT_64F58D27D7,PW_027_IO_02,Training materials in local languages,supported through training materials in local languages,REVIEW
ACT_7CC87AFDC0,PW_027_IO_02,"Mobile dissemination (SMS, WhatsApp, apps)","supported through mobile dissemination (SMS, WhatsApp, apps)",REVIEW
ACT_6DA216AF57,PW_027_IO_02,Champion farmers as sustainability advocates,supported through champion farmers as sustainability advocates,REVIEW
ACT_65FECE7B09,PW_027_IO_02,Farmer-to-farmer exchanges & innovation contests,supported through farmer-to-farmer exchanges & innovation contests,REVIEW
ACT_189B53FE3E,PW_027_IO_02,"Facilitate access to organic fertilizers, drought-resistant seeds, eco-friendly pesticides","supported through access to organic fertilizers, drought-resistant seeds, eco-friendly pesticides",REVIEW
ACT_9DECE8FF39,PW_027_IO_02,Microloans or subsidies for sustainable inputs,supported through microloans or subsidies for sustainable inputs,REVIEW
ACT_B4C6B933E0,PW_027_IO_02,Link farmers to cooperatives/input suppliers with discounts,linked through farmers to cooperatives/input suppliers with discounts,REVIEW
ACT_70E1A47520,PW_027_IO_02,Collaborate with universities/NGOs/government to pilot & scale new technologies,engaged through universities/NGOs/government to pilot & scale new technologies,REVIEW
ACT_F3C632739B,PW_027_IO_02,"Promote certification schemes (organic, fair trade) and access to premium markets","reached through promotion of certification schemes (organic, fair trade) and access to premium markets",REVIEW
ACT_0C40F4A624,PW_027_IO_02,Support soil fertility mapping and tailored soil management plans,supported through soil fertility mapping and tailored soil management plans,REVIEW
ACT_9DD2A8F37C,PW_027_IO_02,Encourage crop rotation and intercropping to maintain soil health and reduce pests,reached through promotion of crop rotation and intercropping to maintain soil health and reduce pests,REVIEW
ACT_A586EE2E91,PW_027_IO_02,Strengthen local extension systems for continuous advisory services,strengthened through local extension systems for continuous advisory services,REVIEW
ACT_9CFA295FE6,PW_027_IO_03,Use climate-appropriate and improved seed varieties,supported through use climate-appropriate and improved seed varieties,REVIEW
ACT_1612F87370,PW_027_IO_03,Soil fertility management (apply organic manure),supported through soil fertility management (apply organic manure),REVIEW
ACT_25F22445A8,PW_027_IO_03,"Support water harvesting and management (tanks, bunds, drip irrigation)","supported through water harvesting and management (tanks, bunds, drip irrigation)",REVIEW
ACT_A6A6B9BF84,PW_027_IO_03,"Integrated Pest Management (biological, cultural, mechanical, and safe chemical methods)","trained on Integrated Pest Management (biological, cultural, mechanical, and safe chemical methods)",USER_REVIEWED
ACT_0FB2AFCCC5,PW_027_IO_03,"Apply appropriate mechanization (hand-held planters, threshers, irrigation kits)","supported through apply appropriate mechanization (hand-held planters, threshers, irrigation kits)",REVIEW
ACT_59AEC8F64C,PW_027_IO_03,Promote community-managed irrigation systems for equity and sustainability,reached through promotion of community-managed irrigation systems for equity and sustainability,REVIEW
ACT_A96DC75988,PW_027_IO_03,Establish farmer-led pest/disease surveillance groups with rapid response training,established for farmer-led pest/disease surveillance groups with rapid response training,REVIEW
ACT_99C432BFD2,PW_027_IO_04,Strengthen farmer field schools and demonstration plots,strengthened through farmer field schools and demonstration plots,REVIEW
ACT_51189D7BD8,PW_027_IO_04,"train households on crop production planning, improved seed, organic inputs, pest management, and climate-smart practices.","trained in households on crop production planning, improved seed, organic inputs, pest management, and climate-smart practices",REVIEW
ACT_A82374EE89,PW_027_IO_05,Support soil fertility management,supported through soil fertility management,REVIEW
ACT_8DC1BC430C,PW_027_IO_05,Support water conservation,supported through water conservation,REVIEW
ACT_DF3ACC629D,PW_027_IO_05,Support crop diversification,supported through crop diversification,REVIEW
ACT_0A059E82ED,PW_027_IO_05,Support intercropping,supported through intercropping,REVIEW
ACT_82846CB5A4,PW_027_IO_05,Support mulching,supported through mulching,REVIEW
ACT_DD07DE3AA0,PW_027_IO_05,Support composting,supported through composting,REVIEW
ACT_2814054F3C,PW_027_IO_05,Support improved agronomic practices,supported through improved agronomic practices,REVIEW
ACT_80EBB8B925,PW_028_IO_01,"Identify and train lead farmers, peer educators, CAHWs, agro-dealers, and community extension agents","lead farmers, peer educators, CAHWs, agro-dealers, and community extension agents identified and trained",USER_REVIEWED
ACT_F4107FB770,PW_028_IO_01,support coaching and refresher training.,supported through coaching and refresher training,REVIEW
ACT_4D4938F8D0,PW_028_IO_02,Establish farmer field schools,established for farmer field schools,REVIEW
ACT_51AEA22B96,PW_028_IO_02,Establish demonstration plots,established for demonstration plots,REVIEW
ACT_D4C03AFA66,PW_028_IO_02,Establish learning groups,established for learning groups,REVIEW
ACT_3915D719F2,PW_028_IO_02,Establish peer sessions,established for peer sessions,REVIEW
ACT_74D4037E9A,PW_028_IO_02,Establish community exchange visits,established for community exchange visits,REVIEW
ACT_15DAF11C8D,PW_028_IO_03,Support demonstration,supported through demonstration,REVIEW
ACT_4FD7D7132E,PW_028_IO_03,Support mentoring,supported through mentoring,REVIEW
ACT_93AAFEEE67,PW_028_IO_03,Support open learning days,supported through open learning days,REVIEW
ACT_CDB257D5F3,PW_028_IO_03,Support follow-up visits by lead farmers/service providers,supported through follow-up visits by lead farmers/service providers,REVIEW
ACT_F44C3710C2,PW_028_IO_04,Link community actors to local government/private service providers,linked through community actors to local government/private service providers,REVIEW
ACT_10638191B1,PW_028_IO_04,"establish incentives, cost-recovery models, and group ownership of learning systems.","established for incentives, cost-recovery models, and group ownership of learning systems",REVIEW
ACT_B0ACCC6C08,PW_029_IO_01,Promote peer educators,reached through promotion of peer educators,REVIEW
ACT_9412057CD9,PW_029_IO_01,Promote model households,reached through promotion of model households,REVIEW
ACT_526DBBCE59,PW_029_IO_01,Promote open field days,reached through promotion of open field days,REVIEW
ACT_0ECAEDE13F,PW_029_IO_01,Promote exchange visits,reached through promotion of exchange visits,REVIEW
ACT_A4505D4B60,PW_029_IO_01,Promote community learning events,reached through promotion of community learning events,REVIEW
ACT_2228FFD031,PW_029_IO_02,Track peer learning,supported through track peer learning,REVIEW
ACT_BB646D548D,PW_029_IO_02,Track neighbour-to-neighbour sharing,supported through track neighbour-to-neighbour sharing,REVIEW
ACT_23986BC61B,PW_029_IO_02,Track open days,supported through track open days,REVIEW
ACT_28757DE8B2,PW_029_IO_02,Track demonstration sites,supported through track demonstration sites,REVIEW
ACT_35F730A7D9,PW_029_IO_02,Track informal diffusion,supported through track informal diffusion,REVIEW
ACT_E751FDAA0C,PW_029_IO_03,Support follow-up through lead farmers,supported through follow-up through lead farmers,REVIEW
ACT_97F750A5C1,PW_029_IO_03,Support follow-up through groups,supported through follow-up through groups,REVIEW
ACT_6141B06424,PW_029_IO_03,Support follow-up through demonstration households,supported through follow-up through demonstration households,REVIEW
ACT_7AD931CE82,PW_029_IO_03,Support follow-up through community extension actors,supported through follow-up through community extension actors,REVIEW
ACT_307DBE71DA,PW_030_IO_01,Facilitate sustainability planning,supported through sustainability planning,REVIEW
ACT_02828D63E1,PW_030_IO_01,Facilitate local ownership agreements,supported through local ownership agreements,REVIEW
ACT_8A79DF2DB6,PW_030_IO_01,Facilitate cost-recovery mechanisms,supported through cost-recovery mechanisms,REVIEW
ACT_E51B10D298,PW_030_IO_01,Facilitate links with government/private actors,supported through links with government/private actors,REVIEW
ACT_3BCC180E34,PW_030_IO_02,Support peer replication,supported through peer replication,REVIEW
ACT_61F38EBCA0,PW_030_IO_02,Support mentoring,supported through mentoring,REVIEW
ACT_033382F9B8,PW_030_IO_02,Support documentation of models,supported through documentation of models,REVIEW
ACT_0AC23B8D77,PW_030_IO_02,Support community-to-community learning,supported through community-to-community learning,REVIEW
ACT_4FC27908B4,PW_030_IO_03,Strengthen local governance,strengthened through local governance,REVIEW
ACT_AE95172583,PW_030_IO_03,Strengthen service-provider linkages,strengthened through service-provider linkages,REVIEW
ACT_58A8F86DDC,PW_030_IO_03,Strengthen financial mechanisms,strengthened through financial mechanisms,REVIEW
ACT_CCAA4F513C,PW_030_IO_03,Strengthen ownership structures,strengthened through ownership structures,REVIEW
ACT_926B2E6A81,PW_031_IO_01,"Regular vaccination campaigns (poultry, cattle, goats, etc.)","supported through regular vaccination campaigns (poultry, cattle, goats, etc.)",REVIEW
ACT_7577A9DD4D,PW_031_IO_01,"Training in disease prevention, hygiene, and housing","trained in disease prevention, hygiene, and housing",REVIEW
ACT_1DDC07C36A,PW_031_IO_01,Promotion of drought-tolerant forages and feed formulation,reached through promotion of drought-tolerant forages and feed formulation,REVIEW
ACT_BC61E37415,PW_031_IO_01,"Support in building improved housing (poultry coops, goat pens)","supported through in building improved housing (poultry coops, goat pens)",REVIEW
ACT_37B9493598,PW_031_IO_01,Establish community animal health workers / para-vets for local services,established for community animal health workers / para-vets for local services,REVIEW
ACT_C28FF274F8,PW_031_IO_01,"Train farmers in climate-adaptive livestock management (heat stress, water management)","trained in farmers in climate-adaptive livestock management (heat stress, water management)",REVIEW
ACT_7567C4E764,PW_031_IO_02,"Demonstrations of fodder cultivation (Napier, drought-tolerant grasses)","supported through demonstrations of fodder cultivation (Napier, drought-tolerant grasses)",REVIEW
ACT_8DCA5E9659,PW_031_IO_02,Training on feed formulation (using local ingredients),trained in feed formulation (using local ingredients),REVIEW
ACT_019181D4E7,PW_031_IO_02,"Starter kits for poultry (hens, feed, coop materials)","supported through starter kits for poultry (hens, feed, coop materials)",REVIEW
ACT_D2E8BDE278,PW_031_IO_02,Promote silage and haymaking for dry-season feeding,reached through promotion of silage and haymaking for dry-season feeding,REVIEW
ACT_0429EB3706,PW_031_IO_02,Develop local feed enterprises (community-based feed mixing/production units),developed through local feed enterprises (community-based feed mixing/production units),REVIEW
ACT_C3C16D0132,PW_031_IO_03,Training on pasture management and rotational grazing,trained in pasture management and rotational grazing,REVIEW
ACT_4B9AB0F575,PW_031_IO_03,"Promote integrated crop–livestock systems (use of manure, crop residues)","reached through promotion of integrated crop–livestock systems (use of manure, crop residues)",REVIEW
ACT_FF0048E993,PW_031_IO_03,"Promote water harvesting for livestock (troughs, pans)","reached through promotion of water harvesting for livestock (troughs, pans)",REVIEW
ACT_DCF6B51885,PW_031_IO_03,Early warning systems for drought/disease outbreaks shared with livestock keepers,receive access to early warning systems for drought/disease outbreaks,USER_REVIEWED
ACT_B9B0B05356,PW_031_IO_03,Insurance schemes/pilots for livestock loss (index-based insurance models),supported through insurance schemes/pilots for livestock loss (index-based insurance models),REVIEW
ACT_65BDA7BDDC,PW_031_IO_04,Support improved animal health,supported through improved animal health,REVIEW
ACT_A866CFFCD7,PW_031_IO_04,Support vaccination,supported through vaccination,REVIEW
ACT_0C34359AD6,PW_031_IO_04,Support improved feeding,supported through improved feeding,REVIEW
ACT_CA427BF85D,PW_031_IO_04,Support improved housing,supported through improved housing,REVIEW
ACT_F89F397031,PW_031_IO_04,Support improved breeding,supported through improved breeding,REVIEW
ACT_7CA966D60F,PW_031_IO_04,Support access to veterinary inputs and services,supported through access to veterinary inputs and services,REVIEW
ACT_6C4330E255,PW_032_IO_01,Grain bank construction & labour mobilization,supported through grain bank construction & labour mobilization,REVIEW
ACT_EC7A66C9E8,PW_032_IO_01,Grain contribution/withdrawal system,supported through grain contribution/withdrawal system,REVIEW
ACT_5AAA14A6A2,PW_032_IO_01,Crop storage techniques & pest management,supported through crop storage techniques & pest management,REVIEW
ACT_EFAF48C790,PW_032_IO_01,Transparent grain bank committees with women/youth representation,supported through transparent grain bank committees with women/youth representation,REVIEW
ACT_8721B86E06,PW_032_IO_02,"Distribute fast-growing seeds (cowpeas, amaranth)","provided through fast-growing seeds (cowpeas, amaranth)",REVIEW
ACT_A600EC4C9E,PW_032_IO_02,Training on staggered planting/harvests,trained in staggered planting/harvests,REVIEW
ACT_A86F74C042,PW_032_IO_02,Food-for-work during hunger months,supported through food-for-work during hunger months,REVIEW
ACT_8DC5BECC81,PW_032_IO_02,Crop & livestock diversification,supported through crop & livestock diversification,REVIEW
ACT_F8CBEDAC81,PW_032_IO_02,"Promote preservation of perishable foods (solar dryers, dried vegetables)","reached through promotion of preservation of perishable foods (solar dryers, dried vegetables)",REVIEW
ACT_FAF191FF2D,PW_032_IO_03,Contingency planning workshops,supported through contingency planning workshops,REVIEW
ACT_A29AE77B55,PW_032_IO_03,Food basket/voucher support for most vulnerable,supported through food basket/voucher support for most vulnerable,REVIEW
ACT_9B9C212F31,PW_032_IO_03,Establish community early warning systems for food shortages,established for community early warning systems for food shortages,REVIEW
ACT_EED1454425,PW_032_IO_04,Establish and strengthen grain banks and safe household food storage,established for and strengthen grain banks and safe household food storage,REVIEW
ACT_7B16F84F56,PW_032_IO_04,promote lean-season food planning,reached through promotion of lean-season food planning,REVIEW
ACT_CFDF198A8F,PW_032_IO_04,support food preservation and diversified production.,supported through food preservation and diversified production,REVIEW
ACT_28985CE570,PW_032_IO_05,Strengthen household food storage,strengthened through household food storage,REVIEW
ACT_03039E8D98,PW_032_IO_05,Strengthen income diversification,strengthened through income diversification,REVIEW
ACT_AF02920964,PW_032_IO_05,Strengthen food access planning,strengthened through food access planning,REVIEW
ACT_8DFE73F2B1,PW_032_IO_05,Strengthen early-warning/contingency mechanisms,strengthened through early-warning/contingency mechanisms,REVIEW
ACT_7F32E3F23E,PW_033_IO_01,"Community demonstrations/pilot projects (solar irrigation, dryers, biogas)","supported through community demonstrations/pilot projects (solar irrigation, dryers, biogas)",REVIEW
ACT_803F6799C9,PW_033_IO_01,Farmer field days,supported through farmer field days,REVIEW
ACT_9923ADB669,PW_033_IO_01,Training farmers in use/maintenance,supported through training farmers in use/maintenance,REVIEW
ACT_83C7F2F18D,PW_033_IO_01,Train youth & women as technicians/entrepreneurs,trained in youth & women as technicians/entrepreneurs,REVIEW
ACT_3922FBB748,PW_033_IO_01,Support women with solar-powered tools,supported through women with solar-powered tools,REVIEW
ACT_AFC74EC33A,PW_033_IO_01,"Ensure access to solar lanterns, pumps, cold storage","supported through ensure access to solar lanterns, pumps, cold storage",REVIEW
ACT_5BED594E89,PW_033_IO_01,Promote energy-efficient cookstoves,reached through promotion of energy-efficient cookstoves,REVIEW
ACT_75185C2251,PW_033_IO_01,Link to carbon credit/health initiatives,linked through to carbon credit/health initiatives,REVIEW
ACT_171AFB1CB8,PW_033_IO_01,Explore small-scale hydro/wind systems,supported through explore small-scale hydro/wind systems,REVIEW
ACT_555065CEEE,PW_033_IO_01,Partner with solar companies on PAYG models,engaged through solar companies on PAYG models,REVIEW
ACT_7A7D6E46BB,PW_033_IO_01,Introduce subsidies and grants for startup kits,reached through introduction of subsidies and grants for startup kits,REVIEW
ACT_D04DB73739,PW_033_IO_01,Integrate renewable energy into VSLA portfolios,supported through integrate renewable energy into VSLA portfolios,REVIEW
ACT_77B60955CE,PW_033_IO_01,Help farmers access carbon markets/green labels,supported through help farmers access carbon markets/green labels,REVIEW
ACT_B0B6110FDA,PW_033_IO_01,Form farmer groups for collective investment/management,established for farmer groups for collective investment/management,REVIEW
ACT_6FF9BDB2AC,PW_033_IO_01,"Collaborate with energy companies, NGOs, and governments","engaged through energy companies, NGOs, and governments",REVIEW
ACT_217F1C2786,PW_034_IO_01,"Disseminate localized weather forecasts via SMS, radio, or community meetings.","recieve localized weather forecasts via SMS, radio, or community meetings.",USER_REVIEWED
ACT_25692C3F3A,PW_034_IO_01,Train farmers to interpret and act on seasonal forecasts and early warnings.,trained in farmers to interpret and act on seasonal forecasts and early warnings,REVIEW
ACT_945B06195B,PW_034_IO_01,Establish community climate risk calendars to plan farming activities.,established for community climate risk calendars to plan farming activities,REVIEW
ACT_B7EDB8D103,PW_034_IO_01,Promote drought-tolerant and early maturing crop varieties.,reached through promotion of drought-tolerant and early maturing crop varieties,REVIEW
ACT_39ED882E4E,PW_034_IO_01,"Train on conservation agriculture: minimal tillage, mulching, and crop rotation.","trained in on conservation agriculture: minimal tillage, mulching, and crop rotation",REVIEW
ACT_DF3A4F33DF,PW_034_IO_01,Encourage agroforestry and soil moisture conservation techniques like zai pits and contour bunds.,reached through promotion of agroforestry and soil moisture conservation techniques like zai pits and contour bunds,REVIEW
ACT_6DD1C2AACF,PW_034_IO_01,Support livestock diversification and improved fodder systems.,supported through livestock diversification and improved fodder systems,REVIEW
ACT_8DD597BD66,PW_034_IO_01,"Promote rainwater harvesting, small-scale irrigation, and water-efficient technologies.","reached through promotion of rainwater harvesting, small-scale irrigation, and water-efficient technologies",REVIEW
ACT_4904E2DBF9,PW_034_IO_01,Protect and restore watersheds and wetlands.,supported through protect and restore watersheds and wetlands,REVIEW
ACT_7BB8FEC1B4,PW_034_IO_01,Train communities in water budgeting and planning.,trained in communities in water budgeting and planning,REVIEW
ACT_DF55072A44,PW_034_IO_01,Facilitate access to weather-indexed crop and livestock insurance.,supported through access to weather-indexed crop and livestock insurance,REVIEW
ACT_982D5D0999,PW_034_IO_02,Link farmers to climate finance opportunities and green microcredit.,linked through farmers to climate finance opportunities and green microcredit,REVIEW
ACT_0C0529F343,PW_034_IO_02,Conduct vulnerability and capacity assessments with communities.,reached through vulnerability and capacity assessments with communities,REVIEW
ACT_CEE3C03DAB,PW_034_IO_02,Develop community adaptation plans that integrate local knowledge and priorities.,developed through community adaptation plans that integrate local knowledge and priorities,REVIEW
ACT_D3BA042536,PW_034_IO_02,Establish farmer field schools focused on climate risk management.,established for farmer field schools focused on climate risk management,REVIEW
ACT_9A499F88EF,PW_034_IO_02,Train extension workers and peer farmers on climate risk reduction strategies.,trained in extension workers and peer farmers on climate risk reduction strategies,REVIEW
ACT_72A6C55003,PW_034_IO_02,"Use peer learning, exchange visits, and demonstration plots.","supported through use peer learning, exchange visits, and demonstration plots",REVIEW
ACT_7D77D97221,PW_034_IO_02,Integrate indigenous knowledge with scientific approaches.,supported through integrate indigenous knowledge with scientific approaches,REVIEW
ACT_E74C69CE4B,PW_034_IO_02,Collaborate with local governments to integrate climate risk into development plans.,engaged through local governments to integrate climate risk into development plans,REVIEW
ACT_5C0F3CC832,PW_034_IO_02,Support multi-stakeholder platforms for coordinated climate action.,supported through multi-stakeholder platforms for coordinated climate action,REVIEW
ACT_7BAC1501B4,PW_034_IO_03,Promote climate-smart agriculture,reached through promotion of climate-smart agriculture,REVIEW
ACT_C64736B842,PW_034_IO_03,Promote crop diversification,reached through promotion of crop diversification,REVIEW
ACT_C7E29133F5,PW_034_IO_03,Promote drought-tolerant varieties,reached through promotion of drought-tolerant varieties,REVIEW
ACT_118641AF6B,PW_034_IO_03,Promote improved livestock housing,reached through promotion of improved livestock housing,REVIEW
ACT_9F5CF0A4E4,PW_034_IO_03,Promote fodder systems,reached through promotion of fodder systems,REVIEW
ACT_A31EA9C5E0,PW_034_IO_03,Promote water-efficient production practices,reached through promotion of water-efficient production practices,REVIEW
ACT_DFCE86E6D5,PW_034_IO_04,Support contingency planning,supported through contingency planning,REVIEW
ACT_D25441C11A,PW_034_IO_04,Support climate-resilient production,supported through climate-resilient production,REVIEW
ACT_FC445A98AC,PW_034_IO_04,Support savings mechanisms,supported through savings mechanisms,REVIEW
ACT_95E2B2FAA8,PW_034_IO_04,Support emergency seed/feed access,supported through emergency seed/feed access,REVIEW
ACT_5033B6B0D3,PW_034_IO_04,Support post-shock recovery,supported through post-shock recovery,REVIEW
ACT_4287708A7F,PW_035_IO_01,Strengthen links with meteorological services,strengthened through links with meteorological services,REVIEW
ACT_A84804AD1F,PW_035_IO_01,Strengthen links with extension agents,strengthened through links with extension agents,REVIEW
ACT_D273154395,PW_035_IO_01,Strengthen local radio/SMS climate-information channels,strengthened through local radio/SMS climate-information channels,REVIEW
ACT_4AFFB1CBE0,PW_035_IO_01,Strengthen community early-warning systems,strengthened through community early-warning systems,REVIEW
ACT_D0F0AF50F1,PW_035_IO_02,Translate advisories into local languages and practical recommendations,supported through translate advisories into local languages and practical recommendations,REVIEW
ACT_08EFAD3465,PW_035_IO_02,use community facilitators to interpret forecasts and advisories.,supported through use community facilitators to interpret forecasts and advisories,REVIEW
ACT_5EAAC6EAD6,PW_035_IO_03,Support planning sessions on planting dates based on forecasts,supported through planning sessions on planting dates based on forecasts,REVIEW
ACT_8ECD06C090,PW_035_IO_03,Support planning sessions on crop choice based on forecasts,supported through planning sessions on crop choice based on forecasts,REVIEW
ACT_8FC87D5812,PW_035_IO_03,Support planning sessions on livestock movement/feed based on forecasts,supported through planning sessions on livestock movement/feed based on forecasts,REVIEW
ACT_E17CF193A0,PW_035_IO_03,Support planning sessions on water use based on forecasts,supported through planning sessions on water use based on forecasts,REVIEW
ACT_E9E46CB7B7,PW_035_IO_03,Support planning sessions on livelihood diversification based on forecasts,supported through planning sessions on livelihood diversification based on forecasts,REVIEW
ACT_A70B14924A,PW_036_IO_01,Facilitate participatory risk mapping,supported through participatory risk mapping,REVIEW
ACT_F0B86B9884,PW_036_IO_01,Facilitate contingency planning,supported through contingency planning,REVIEW
ACT_7D09FBA55C,PW_036_IO_01,Facilitate hazard calendars,supported through hazard calendars,REVIEW
ACT_009E839D66,PW_036_IO_01,Facilitate community preparedness planning,supported through community preparedness planning,REVIEW
ACT_267484F2C7,PW_036_IO_02,Conduct simulation exercises,reached through simulation exercises,REVIEW
ACT_E5D4059C33,PW_036_IO_02,Conduct early-warning drills,reached through early-warning drills,REVIEW
ACT_BB0E380AE3,PW_036_IO_02,Conduct contingency review meetings,reached through contingency review meetings,REVIEW
ACT_BED9BA30B3,PW_036_IO_02,Conduct seasonal preparedness checks,reached through seasonal preparedness checks,REVIEW
ACT_704F67AE14,PW_036_IO_03,Support household preparedness planning,supported through household preparedness planning,REVIEW
ACT_B9F10CD082,PW_036_IO_03,Support emergency savings,supported through emergency savings,REVIEW
ACT_6708D6CD5B,PW_036_IO_03,Support food storage,supported through food storage,REVIEW
ACT_F2C07CA58A,PW_036_IO_03,Support livestock feed planning,supported through livestock feed planning,REVIEW
ACT_E685272AE8,PW_036_IO_03,Support asset-protection measures,supported through asset-protection measures,REVIEW
ACT_EC8D8CC1D3,PW_036_IO_04,Support linkages to local government,supported through linkages to local government,REVIEW
ACT_87D77CCDE5,PW_036_IO_04,Support linkages to community committees,supported through linkages to community committees,REVIEW
ACT_F89BEA5DF5,PW_036_IO_04,Support linkages to early-warning channels,supported through linkages to early-warning channels,REVIEW
ACT_7C1CC5FD7F,PW_036_IO_04,Support linkages to response coordination structures,supported through linkages to response coordination structures,REVIEW
ACT_DD077A0526,PW_037_IO_01,"Promote low-cost, eco-friendly latrines (e.g., VIP latrines, composting toilets).","reached through promotion of low-cost, eco-friendly latrines (e.g., VIP latrines, composting toilets)",REVIEW
ACT_EB714A0781,PW_037_IO_01,Facilitate triggering sessions to eliminate open defecation.,supported through triggering sessions to eliminate open defecation,REVIEW
ACT_337172BFBD,PW_037_IO_01,Support follow-up and recognition of Open Defecation Free (ODF) villages.,supported through follow-up and recognition of Open Defecation Free (ODF) villages,REVIEW
ACT_B3A41906E5,PW_037_IO_01,Promote composting of organic waste for farming.,reached through promotion of composting of organic waste for farming,REVIEW
ACT_F94125D797,PW_037_IO_01,Introduce simple waste segregation and disposal methods.,reached through introduction of simple waste segregation and disposal methods,REVIEW
ACT_94607B84AF,PW_037_IO_01,Install tippy taps near latrines and kitchens.,supported through install tippy taps near latrines and kitchens,REVIEW
ACT_95D215626B,PW_037_IO_01,"Promote handwashing with soap at critical times (after toilet use, before eating).","reached through promotion of handwashing with soap at critical times (after toilet use, before eating)",REVIEW
ACT_12A2EFCB8F,PW_037_IO_01,"Use drama, songs, posters, and radio to spread messages.","use drama, songs, posters, and radio to spread messages.",USER_REVIEWED
ACT_A3B59373BF,PW_037_IO_01,"Target schools, women’s groups, and farmer cooperatives.","supported through target schools, women’s groups, and farmer cooperatives",REVIEW
ACT_3DE28FC637,PW_037_IO_01,Provide reusable sanitary pads and hygiene kits.,provided through reusable sanitary pads and hygiene kits,REVIEW
ACT_A07C6B7E59,PW_037_IO_01,Conduct awareness sessions for both women and men.,reached through awareness sessions for both women and men,REVIEW
ACT_53AAFA6C84,PW_037_IO_01,Integrate WASH into school curricula.,supported through integrate WASH into school curricula,REVIEW
ACT_63F6F571FA,PW_037_IO_01,Build latrines and handwashing stations in schools.,provided through latrines and handwashing stations in schools,REVIEW
ACT_768C4E2DD7,PW_037_IO_02,Promote rooftop catchment systems and ground-level tanks.,reached through promotion of rooftop catchment systems and ground-level tanks,REVIEW
ACT_DEE4FFA4B6,PW_037_IO_02,Train farmers on maintenance and safe water storage.,trained in farmers on maintenance and safe water storage,REVIEW
ACT_B806D15E2D,PW_037_IO_02,Fence off springs and wells to prevent contamination.,supported through fence off springs and wells to prevent contamination,REVIEW
ACT_F778952BC0,PW_037_IO_02,Promote community-led watershed management and reforestation.,reached through promotion of community-led watershed management and reforestation,REVIEW
ACT_81DB52D903,PW_037_IO_02,"Demonstrate simple methods like boiling, solar disinfection (SODIS), and chlorination.","reached through demonstration of simple methods like boiling, solar disinfection (SODIS), and chlorination",REVIEW
ACT_82003C5B7A,PW_037_IO_02,Distribute water purification tablets and filters.,provided through water purification tablets and filters,REVIEW
ACT_537A0D7A56,PW_037_IO_02,"Train farmers of farming methods that harvest water i.e Zay pits, road runoff, roof catchment, protection of water sources.","trained in farmers of farming methods that harvest water i.e Zay pits, road runoff, roof catchment, protection of water sources",REVIEW
ACT_0D0DDB0EFC,PW_037_IO_03,Strengthen water committees,strengthened through water committees,REVIEW
ACT_389913B39F,PW_037_IO_03,support maintenance plans and user-fee systems,supported through maintenance plans and user-fee systems,REVIEW
ACT_8017DBA998,PW_037_IO_03,train communities on water-source protection and basic water quality monitoring.,trained in communities on water-source protection and basic water quality monitoring,REVIEW
ACT_7185FD49D6,PW_038_IO_01,Promote mulching,reached through promotion of mulching,REVIEW
ACT_6D4707D515,PW_038_IO_01,Promote water harvesting,reached through promotion of water harvesting,REVIEW
ACT_B7FA17437A,PW_038_IO_01,Promote drip or efficient irrigation,reached through promotion of drip or efficient irrigation,REVIEW
ACT_0DE4CAA97A,PW_038_IO_01,Promote safe water storage,reached through promotion of safe water storage,REVIEW
ACT_0E40CC6182,PW_038_IO_01,Promote water reuse where appropriate,reached through promotion of water reuse where appropriate,REVIEW
ACT_9B7F11EE5E,PW_038_IO_01,Promote household water planning,reached through promotion of household water planning,REVIEW
ACT_1D26B40FF6,PW_038_IO_02,Strengthen water committees,strengthened through water committees,REVIEW
ACT_E47DAAD1A9,PW_038_IO_02,Strengthen water-user rules,strengthened through water-user rules,REVIEW
ACT_8C3AD69DF3,PW_038_IO_02,Strengthen maintenance plans,strengthened through maintenance plans,REVIEW
ACT_E0C77F5CFD,PW_038_IO_02,Strengthen user-fee systems,strengthened through user-fee systems,REVIEW
ACT_F6BB012847,PW_038_IO_02,Strengthen inclusive water governance,strengthened through inclusive water governance,REVIEW
ACT_18834015B3,PW_038_IO_03,Support source protection,supported through source protection,REVIEW
ACT_0E8E68C6F5,PW_038_IO_03,Support watershed restoration,supported through watershed restoration,REVIEW
ACT_4F85657B30,PW_038_IO_03,Support catchment by-laws,supported through catchment by-laws,REVIEW
ACT_E40D172C41,PW_038_IO_03,Support erosion control,supported through erosion control,REVIEW
ACT_72FB173D36,PW_038_IO_03,Support tree planting,supported through tree planting,REVIEW
ACT_C4520F9D79,PW_038_IO_03,Support community monitoring,supported through community monitoring,REVIEW
ACT_134E3AAFEE,PW_038_IO_04,Support drought-season water planning,supported through drought-season water planning,REVIEW
ACT_08E4C44100,PW_038_IO_04,Support water-user agreements,supported through water-user agreements,REVIEW
ACT_55FE6E10C4,PW_038_IO_04,Support maintenance of water points,supported through maintenance of water points,REVIEW
ACT_5F36AF2500,PW_038_IO_04,Support links to local authorities,supported through links to local authorities,REVIEW
ACT_44D4BC42D3,PW_039_IO_01,Engage communities in mapping degraded areas and planning restoration,engaged through communities in mapping degraded areas and planning restoration,REVIEW
ACT_BAA40FDC5D,PW_039_IO_01,Use tools like GIS or simple sketch maps,supported through use tools like GIS or simple sketch maps,REVIEW
ACT_489453CE46,PW_039_IO_01,Facilitate peer learning on natural regeneration techniques,supported through peer learning on natural regeneration techniques,REVIEW
ACT_2C54E939A9,PW_039_IO_01,Integrate indigenous practices and beliefs around land stewardship,supported through integrate indigenous practices and beliefs around land stewardship,REVIEW
ACT_53EC0F7DC3,PW_039_IO_01,Celebrate local champions and success stories,supported through celebrate local champions and success stories,REVIEW
ACT_D63E64B6CA,PW_039_IO_01,"Promote products from regenerated landscapes (e.g., honey, medicinal plants, timber)","reached through promotion of products from regenerated landscapes (e.g., honey, medicinal plants, timber)",REVIEW
ACT_F17476ADA8,PW_039_IO_02,Create regeneration clubs or cooperatives (moved here),established for regeneration clubs or cooperatives (moved here),REVIEW
ACT_A130B48B7E,PW_039_IO_02,"Provide entrepreneurship training linked to restoration (moved here, links economic incentives to governance)","provided through entrepreneurship training linked to restoration (moved here, links economic incentives to governance)",REVIEW
ACT_61D0218FE6,PW_039_IO_02,Partner with NGOs or governments to reward farmers for regeneration efforts (e.g. PES schemes),engaged through nGOs or governments to reward farmers for regeneration efforts (e.g. PES schemes),REVIEW
ACT_42E434BDD0,PW_039_IO_02,"Link to carbon credits or watershed protection schemes (moved here, needs institutional capacity)","linked through to carbon credits or watershed protection schemes (moved here, needs institutional capacity)",REVIEW
ACT_07CB94D87B,PW_039_IO_02,Facilitate access to small loans or grants for restoration activities (moved here),supported through access to small loans or grants for restoration activities (moved here),REVIEW
ACT_E726DAF684,PW_039_IO_02,Establish/strengthen natural resource management committees with clear mandates,supported through establish/strengthen natural resource management committees with clear mandates,REVIEW
ACT_5A91786A6F,PW_039_IO_02,"Train community leaders in bylaw drafting, enforcement, and conflict resolution","trained in community leaders in bylaw drafting, enforcement, and conflict resolution",REVIEW
ACT_235DE71F4A,PW_039_IO_02,Develop joint management agreements with government/local authorities,developed through joint management agreements with government/local authorities,REVIEW
ACT_01C834F95F,PW_039_IO_02,"Ensure women, youth, and marginalized groups hold leadership positions in governance structures",hold leadership positions in governance structures,USER_REVIEWED
ACT_5FBBE86F45,PW_039_IO_03,Support community-led restoration,supported through community-led restoration,REVIEW
ACT_8AE5D5C6E6,PW_039_IO_03,Support agroforestry,supported through agroforestry,REVIEW
ACT_45C8109AF3,PW_039_IO_03,Support watershed protection,supported through watershed protection,REVIEW
ACT_86EC1E789A,PW_039_IO_03,Support rangeland management,supported through rangeland management,REVIEW
ACT_2361D6DD62,PW_039_IO_03,Support by-laws,supported through by-laws,REVIEW
ACT_DE3A895C66,PW_039_IO_03,Support ongoing maintenance plans,supported through ongoing maintenance plans,REVIEW
